brand,sku,price_positioning,offer_price,regular_price,basket_price,discount_price
16arlington,1163155.0,0.0,441.0,630.0,441.0,189.0
3.1 phillip lim,1155970.0,0.0,327.3888888888889,423.44444444444446,327.94444444444446,96.05555555555556
a.p.c. atelier de production et de création,1006246.0,100.0,155.0,155.0,160.0,0.0
a.w.a.k.e. mode,1173543.7142857143,0.0,280.14285714285717,396.2857142857143,281.57142857142856,116.14285714285714
acne studios,1135948.294117647,10.851279294368702,326.4779411764706,467.44117647058823,328.75735294117646,140.96323529411765
adam lippes,1161882.625,12.5,352.375,852.5,352.375,500.125
adam selman sport,1151915.0,0.0,77.0,181.5,82.0,104.5
adidas by stella mccartney,1152287.0,17.375886524822697,142.0,175.33333333333334,145.33333333333334,33.333333333333336
adidas originals,1129063.375,0.0,38.75,79.375,43.75,40.625
adidas originals by alexander wang,1132028.0,0.0,91.0,130.0,96.0,39.0
adriana degreas,1159071.5,54.10958904109589,194.5,295.0,197.0,100.5
aesop,655087.25,0.0,40.5,40.5,45.5,0.0
aeydē,1144097.888888889,0.0,194.22222222222223,258.77777777777777,197.0,64.55555555555556
agent provocateur,1114754.0,0.0,130.75,130.75,135.75,0.0
agolde,1171796.0,14.285714285714286,173.78571428571428,180.0,176.64285714285714,6.214285714285714
akris,1147588.0,0.0,1704.0,2840.0,1704.0,1136.0
alanui,1170119.6666666667,33.333333333333336,1912.8333333333333,1912.8333333333333,1912.8333333333333,0.0
alaïa,1183036.0,0.0,1010.0,1010.0,1010.0,0.0
albus lumen,1141105.5,100.0,295.0,295.0,295.0,0.0
alessandra rich,1183097.6666666667,21.28060263653484,511.0,778.8888888888889,512.1111111111111,267.8888888888889
alex mill,1164775.0,0.0,83.52000000000001,83.52000000000001,88.52000000000001,0.0
alex perry,1172159.0,0.0,1439.4,2065.8,1439.4,626.4
alexachung,1154204.6666666667,56.076388888888886,234.16666666666666,255.5,235.83333333333334,21.333333333333332
alexander mcqueen,1160019.2432432433,10.97036243402813,903.6081081081081,1352.1824324324325,903.6756756756756,448.5743243243243
alexander wang,1146079.9268292682,9.561641101990965,502.0487804878049,675.7560975609756,502.9024390243902,173.70731707317074
alexanderwang.t,1153914.625,12.5,207.3125,274.8125,208.5625,67.5
alexandre birman,1190000.0,0.0,290.0,290.0,290.0,0.0
alexandre vauthier,1175694.888888889,11.11111111111111,1124.0,2454.4444444444443,1124.0,1330.4444444444443
alice + olivia,1159621.4827586208,6.896551724137931,296.63793103448273,446.6551724137931,298.01724137931035,150.01724137931035
alice mccall,1163955.25,75.0,356.75,386.25,358.0,29.5
altuzarra,1151731.1666666667,15.030387328064078,672.6666666666666,1147.7916666666667,672.6666666666666,475.125
ambush®,1169502.0,4.166666666666667,308.8,561.9,311.8,253.1
amina muaddi,1161492.0,0.0,522.75,522.75,522.75,0.0
amiri,1167713.875,50.0,925.375,1026.875,926.0,101.5
ancient greek sandals,1082954.4285714286,33.33333333333333,92.78571428571429,136.42857142857142,97.78571428571429,43.642857142857146
andrew gn,1170644.3333333333,0.0,984.8333333333334,1763.6666666666667,984.8333333333334,778.8333333333334
anine bing,1148557.5,0.0,99.0,219.75,104.0,120.75
anissa kermiche,1171220.6666666667,100.0,168.33333333333334,168.33333333333334,173.33333333333334,0.0
anita ko,1107039.5,0.0,960.0,960.0,960.0,0.0
anjuna,1130441.0,0.0,261.0,435.0,261.0,174.0
ann demeulemeester,1170557.5714285714,14.285714285714286,623.2857142857143,801.4285714285714,624.0,178.14285714285714
apiece apart,1168964.0,33.333333333333336,189.17,285.0,192.50333333333333,95.83
apl athletic propulsion labs,1165764.0,0.0,57.5,110.0,62.5,52.5
aquazzura,1134802.9056603773,13.845353381299965,444.70754716981133,538.5094339622641,444.89622641509436,93.80188679245283
area,1185823.0,0.0,660.0,660.0,660.0,0.0
asai,1190006.5,0.0,453.25,611.5,455.75,158.25
asceno,1155622.25,5.138888888888888,128.375,220.625,132.125,92.25
ashish,1185456.1,9.951456310679612,695.95,1123.45,697.95,427.5
atm anthony thomas melillo,1129734.0,0.0,100.0,100.0,105.0,0.0
atp atelier,1076543.6,40.0,154.8,170.4,159.8,15.6
attico,1183854.4285714286,16.757283721569436,640.5714285714286,952.7142857142857,640.5714285714286,312.14285714285717
balenciaga,1149391.7078651686,17.33268162506203,647.2621722846442,792.4250936329588,647.4681647940075,145.1629213483146
balmain,1160137.3768115942,17.40383145669677,1049.9130434782608,1554.1376811594203,1049.9130434782608,504.22463768115944
barbour,1135183.5,0.0,300.5,300.5,300.5,0.0
bella freud,1145180.4,32.06896551724138,443.0,443.0,443.0,0.0
bernadette,1158058.0,100.0,620.0,1240.0,620.0,620.0
bienen-davis,1157112.0,0.0,1500.0,1500.0,1500.0,0.0
blazé milano,1166934.0,47.03389830508475,1435.0,1435.0,1435.0,0.0
bogner,1175005.5,0.0,920.0,920.0,920.0,0.0
borgo de nor,1189383.0,100.0,423.5,605.0,423.5,181.5
bottega veneta,1152569.3714285714,28.3989703989704,1509.2285714285715,1530.1142857142856,1509.3714285714286,20.885714285714286
brock collection,1182963.0,0.0,904.0,2260.0,904.0,1356.0
brumal,1182792.0,100.0,1000.0,1000.0,1000.0,0.0
brunello cucinelli,1164581.5714285714,17.656500802568218,2417.1428571428573,2651.9285714285716,2417.1428571428573,234.78571428571428
burberry,1150822.5666666667,27.977976352350844,793.2,830.9666666666667,793.8666666666667,37.766666666666666
by far,1159961.5,29.270597127739986,266.5357142857143,372.5,268.67857142857144,105.96428571428571
camilla,1133848.0,0.0,255.0,510.0,255.0,255.0
canada goose,1159191.5,0.0,635.0,635.0,635.0,0.0
caravana,1140495.0,100.0,200.0,200.0,200.0,0.0
carolina bucci,1098913.0,50.0,1497.5,1497.5,1497.5,0.0
carolina herrera,1160608.4444444445,44.44444444444444,2256.222222222222,2932.222222222222,2256.222222222222,676.0
carrie forbes,1124081.2,0.0,101.5,291.0,106.5,189.5
castañer,1025929.25,80.68181818181819,92.75,102.5,97.75,9.75
cecilie bahnsen,1170727.25,19.053840544482256,578.75,1002.875,578.75,424.125
cefinn,1162413.5,25.0,159.5,297.5,163.25,138.0
chantelle,1158544.5,50.0,43.0,43.0,48.0,0.0
charlotte chesnais,1110080.0,13.88888888888889,505.0,505.0,505.0,0.0
charo ruiz,1121462.0,0.0,195.0,195.0,200.0,0.0
chloé,1141086.6219512196,32.27128120170971,853.4298780487804,1047.496951219512,853.5823170731708,194.0670731707317
christian louboutin,1111900.3152173914,14.945652173913043,758.0434782608696,758.0434782608696,758.0434782608696,0.0
christopher kane,1161725.1538461538,57.391130030848096,644.0,781.9230769230769,644.3846153846154,137.92307692307693
church's,1116104.0,66.42335766423358,580.0,580.0,580.0,0.0
citizens of humanity,1200129.0,0.0,260.0,260.0,260.0,0.0
co,1157658.0,33.333333333333336,426.6666666666667,618.3333333333334,426.6666666666667,191.66666666666666
commando,788558.0,100.0,100.0,100.0,105.0,0.0
comme des garçons comme des garçons,1179413.5,0.0,634.875,755.375,634.875,120.5
comme des garçons girl,1179429.5,2.604166666666667,124.5,207.5,129.5,83.0
common projects,1084223.375,37.5,293.625,348.125,294.875,54.5
costarellos,1138891.0,100.0,2825.0,2825.0,2825.0,0.0
courreges,1163521.5,50.0,454.2,741.0,456.7,286.8
cult gaia,1145688.4782608696,4.3478260869565215,172.65217391304347,372.5217391304348,176.34782608695653,199.8695652173913
cushnie,1167624.25,0.0,839.625,1445.0,839.625,605.375
david koma,1181640.8,40.0,753.1,1017.2,753.1,264.1
de la vali,1170349.5,48.90829694323144,547.5,547.5,547.5,0.0
derek lam,1153367.0,50.0,681.0,681.0,681.0,0.0
diane von furstenberg,1154481.037037037,61.36890101141965,453.77777777777777,507.51851851851853,454.3333333333333,53.74074074074074
dion lee,1175309.0,0.0,248.0,620.0,248.0,372.0
dodo bar or,1163961.0,57.95454545454545,351.8636363636364,595.4545454545455,353.22727272727275,243.5909090909091
dolce & gabbana,1153396.0487804879,15.00041431123834,666.6951219512196,1052.9024390243903,667.3048780487804,386.2073170731707
eberjey,1168871.0,0.0,55.12,55.12,60.12,0.0
ellery,1216761.4,0.0,306.2,712.0,307.2,405.8
emilia wickstead,1162805.6,0.0,487.2,1128.0,487.2,640.8
emme parsons,1131249.0,100.0,375.0,375.0,375.0,0.0
equipment,1158405.0,0.0,252.5,332.5,252.5,80.0
erdem,1156566.8,0.011086474501108601,679.1,1344.5,679.6,665.4
eres,1164862.0,0.0,235.0,235.0,235.0,0.0
etro,1163189.575,4.234333206437031,682.8125,1150.75,682.9375,467.9375
eve denim,1166374.5,25.0,156.0,310.0,159.75,154.0
evi grintela,1164396.0,0.0,366.0,610.0,366.0,244.0
f.r.s for restless sleepers,1179535.2,0.0,334.9,814.9,334.9,480.0
faithfull the brand,1155379.4,0.0,94.27199999999999,152.528,99.27199999999999,58.25599999999999
falke ergonomic sport system,1161969.0,100.0,59.0,59.0,64.0,0.0
fendi,1140751.48,10.928017718715394,928.41,977.77,928.61,49.36
figue,1151197.5,0.0,281.25,406.25,283.75,125.0
fisch,1144612.0,25.0,83.375,100.875,88.375,17.5
forte_forte,1184796.5,0.0,422.5,900.0,422.5,477.5
foundrae,1120953.0,50.0,2245.0,2245.0,2245.0,0.0
frame,1148218.125,52.64100301570186,349.40625,412.1875,351.90625,62.78125
francesco russo,1165531.0,50.0,552.5,757.5,552.5,205.0
fusalp,1162423.0,0.0,625.0,625.0,625.0,0.0
gabriela hearst,1172910.0,11.11111111111111,599.7777777777778,1332.7777777777778,599.7777777777778,733.0
galvan,1150754.75,27.483443708609272,619.5625,1092.5,620.1875,472.9375
ganni,1159989.8148148148,8.198827121449934,122.70987654320987,226.22222222222223,126.96913580246914,103.51234567901234
georgia alice,1163031.5,0.0,347.75,387.5,350.25,39.75
giambattista valli,1171155.625,37.5,1836.375,2078.125,1836.375,241.75
gianvito rossi,1084060.4328358208,40.768929187479145,571.955223880597,635.2910447761194,571.955223880597,63.33582089552239
giuliva heritage collection,1142111.25,25.0,790.75,1678.75,790.75,888.0
giuseppe zanotti,1111445.888888889,55.55555555555556,590.5555555555555,620.5555555555555,590.5555555555555,30.0
givenchy,1127802.2266666666,18.474925927769565,915.3733333333333,1359.6,915.5066666666667,444.2266666666667
gmbh,1170188.0,0.0,281.6666666666667,556.6666666666666,283.3333333333333,275.0
golden goose,1140316.9677419355,21.585605296892897,289.51612903225805,365.6774193548387,290.0,76.16129032258064
goldsign,1145696.75,25.0,123.625,223.75,128.625,100.125
grlfrnd,1150276.0,33.333333333333336,202.66666666666666,316.6666666666667,204.33333333333334,114.0
gucci,1089909.3866666667,11.834321659598091,1124.51,1124.51,1124.5766666666666,0.0
haider ackermann,1170265.0,16.666666666666668,384.75,732.75,384.75,348.0
halpern,1164969.25,2.688470066518847,787.5,1775.0,787.5,987.5
haney,1157016.0,0.0,733.5,733.5,733.5,0.0
hanro,1063966.0,0.0,51.0,51.0,56.0,0.0
heidi klein,1153303.375,50.0,218.875,250.625,221.375,31.75
helmut lang,1163394.0,31.403661397082452,291.88947368421054,459.94736842105266,293.73157894736846,168.0578947368421
house of holland,1160584.5714285714,57.142857142857146,310.14285714285717,322.14285714285717,311.57142857142856,12.0
hunza g,1183843.3333333333,33.333333333333336,124.33333333333333,138.33333333333334,129.33333333333334,14.0
hvn,1162928.6666666667,33.333333333333336,204.0,373.3333333333333,207.33333333333334,169.33333333333334
innika choo,1166975.75,25.0,146.6125,225.0025,150.98749999999998,78.39
iro,1171479.0,50.0,404.5,404.5,404.5,0.0
isabel marant,1152503.630952381,11.091562189535068,432.8988095238095,674.4404761904761,433.61309523809524,241.54166666666666
isabel marant étoile,1146136.9090909092,9.375,212.45454545454547,329.65909090909093,215.4090909090909,117.20454545454545
iwc schaffhausen,1174330.0,0.0,4700.0,4700.0,4700.0,0.0
j brand,1149974.0,0.0,173.375,243.75,177.125,70.375
jacquemus,1166679.0625,16.748138996909105,364.15718749999996,591.9971875000002,365.40718749999996,227.83999999999995
jade swim,1158571.0,100.0,59.5,85.0,64.5,25.5
james perse,789288.0,0.0,92.5,137.5,97.5,45.0
jason wu,1149230.25,100.0,288.5,440.0,289.75,151.5
jason wu collection,1153980.3333333333,100.0,816.6666666666666,816.6666666666666,816.6666666666666,0.0
jennifer behr,1185284.0,0.0,98.1,169.5,103.1,71.4
jennifer chamandi,1087050.8,80.0,426.6,574.0,426.6,147.4
jessie western,1186406.0,0.0,220.0,220.0,220.0,0.0
jimmy choo,1108638.548076923,20.582726277482568,467.58653846153845,596.0144230769231,467.7307692307692,128.4278846153846
johanna ortiz,1171718.8125,24.300566297096978,815.71875,1025.09375,815.71875,209.375
joseph,1132469.7777777778,32.58258258258258,312.5,455.0,314.72222222222223,142.5
junya watanabe,1180049.0,0.0,932.5,1865.0,932.5,932.5
jw anderson,1163361.2727272727,21.555767464858373,572.8181818181819,865.9090909090909,572.8181818181819,293.09090909090907
kalita,1153115.5,0.0,227.0,417.5,227.0,190.5
kassl editions,1170067.3333333333,66.66666666666667,906.6666666666666,1416.6666666666667,906.6666666666666,510.0
kenzo,1163327.111111111,33.979328165374675,323.0,406.8333333333333,325.22222222222223,83.83333333333333
khaite,1170069.5714285714,17.31147018163402,831.0714285714286,1215.0,831.0714285714286,383.92857142857144
ksubi,1169055.75,25.0,90.125,128.625,95.125,38.5
kwaidan editions,1182187.25,0.0,255.625,646.25,256.875,390.625
l'agence,1170871.6,80.0,349.76,389.36,349.76,39.6
la mer,1118663.0,0.0,190.0,190.0,195.0,0.0
la perla,1172282.0,100.0,394.0,394.0,394.0,0.0
le 17 septembre,1163345.0,0.0,355.0,710.0,355.0,355.0
le monde beryl,1161878.0,0.0,82.5,275.0,87.5,192.5
lee mathews,1174026.4444444445,33.333333333333336,403.6666666666667,534.3333333333334,403.6666666666667,130.66666666666666
leigh miller,1137277.0,0.0,127.84,255.66,132.84,127.82
lemlem,1152850.0,25.0,214.75,327.875,217.25,113.125
les rêveries,1161844.0,0.0,132.31333333333333,321.37666666666667,137.31333333333333,189.06333333333336
leslie amon,1165443.0,100.0,128.75,183.92,133.75,55.16999999999999
lisa marie fernandez,1138292.4285714286,14.102564102564104,241.16666666666666,476.2857142857143,242.83333333333334,235.11904761904762
little liffner,1178317.5,50.0,360.0,360.0,360.0,0.0
loeffler randall,1155997.75,25.0,259.125,259.125,260.375,0.0
loewe,1151637.5567010308,26.467644255232255,902.860824742268,981.3969072164948,903.2731958762887,78.5360824742268
loro piana,1152380.0,0.0,2627.5,2627.5,2627.5,0.0
loveshackfancy,1164203.0,8.333333333333334,284.685,407.34999999999997,286.3516666666667,122.665
low classic,1182852.0,100.0,333.0,555.0,333.0,222.0
mackintosh,1164658.75,50.0,805.75,805.75,805.75,0.0
madeleine thompson,1176041.0,0.0,120.0,400.0,125.0,280.0
magda butrym,1182718.6666666667,27.239819514099523,651.9166666666666,946.3333333333334,651.9166666666666,294.4166666666667
maggie marilyn,1163119.0,0.0,190.5,360.0,193.83333333333334,169.5
maison margiela,1177142.8333333333,28.598484848484848,416.0,733.3333333333334,416.8333333333333,317.3333333333333
maison michel,1113229.5,0.0,387.25,513.25,388.5,126.0
malone souliers,1153103.0714285714,28.33491012298959,384.0357142857143,495.0,384.75,110.96428571428571
mansur gavriel,1142658.3333333333,33.333333333333336,321.3333333333333,570.0,321.3333333333333,248.66666666666666
mara hoffman,1149179.5555555555,55.55555555555556,203.11111111111111,315.0,205.88888888888889,111.88888888888889
marc jacobs,1181115.0,100.0,595.5,1055.0,595.5,459.5
marchesa,1157625.0,66.66666666666667,4683.333333333333,4683.333333333333,4683.333333333333,0.0
marchesa notte,1158453.3333333333,0.0,427.5,886.6666666666666,427.5,459.1666666666667
mark cross,1162650.5,0.0,1652.5,1652.5,1652.5,0.0
marni,1152685.0869565217,8.263339920948617,549.3478260869565,958.1304347826087,550.0,408.7826086956522
marques' almeida,1168221.0,16.666666666666668,203.5,373.9166666666667,206.0,170.41666666666666
mary katrantzou,1165160.2,18.795180722891565,391.9,879.0,392.9,487.1
marysia,1132256.4,41.97428571428571,148.156,262.69,151.656,114.53399999999999
maticevski,1162629.5,0.0,1007.25,1241.25,1007.25,234.0
matteau,1048324.0,100.0,73.5,73.5,78.5,0.0
matthew adams dolan,1184693.0,0.0,176.0,440.0,181.0,264.0
matériel,1163897.5,50.0,454.395,513.4116666666667,454.395,59.01666666666667
max mara,1157673.5428571429,17.80137093005141,635.3714285714286,753.2,636.3714285714286,117.82857142857142
mcq alexander mcqueen,1156896.4285714286,43.628571428571426,296.85714285714283,390.10714285714283,297.57142857142856,93.25
medea,1167917.0,0.0,133.33333333333334,133.33333333333334,138.33333333333334,0.0
melissa odabash,1155351.6666666667,33.333333333333336,160.33333333333334,215.0,163.66666666666666,54.666666666666664
mercedes castillo,1152132.0,0.0,110.0,275.0,115.0,165.0
mes demoiselles,1155087.0,0.0,295.4,422.0,295.4,126.60000000000002
michael kors collection,1157514.75,0.0,1609.5,1837.5,1609.5,228.0
michael michael kors,1156472.8,40.0,160.7,263.3,164.7,102.6
missoni,1152268.5263157894,59.06629754054167,884.7368421052631,1040.842105263158,884.7368421052631,156.10526315789474
miu miu,1129326.177777778,40.96789630083039,1085.1944444444443,1086.2222222222222,1085.3055555555557,1.0277777777777777
mm6 maison margiela,1159615.294117647,10.998237172540351,348.29411764705884,552.2058823529412,349.47058823529414,203.91176470588235
molly goddard,1184182.0,40.0,459.2,669.2,459.2,210.0
moncler,1134687.717948718,9.265734265734267,724.3589743589744,724.3589743589744,724.3589743589744,0.0
moncler genius,1162985.1538461538,51.55760215262559,1417.3076923076924,1417.3076923076924,1417.3076923076924,0.0
monica vinader,1179194.0,0.0,186.66666666666666,186.66666666666666,190.0,0.0
monse,1159593.3333333333,6.395348837209302,613.585,1345.8333333333333,613.585,732.2483333333333
moon boot,1162314.0,53.84615384615385,85.0,85.0,90.0,0.0
morgan lane,1136246.0,0.0,110.5,110.5,115.5,0.0
moschino,1181561.0555555555,55.316091954022994,532.5555555555555,562.3333333333334,533.3888888888889,29.77777777777778
mother,1136538.0,0.0,217.0,217.0,217.0,0.0
mother of pearl,1162780.0,0.0,177.0,295.0,182.0,118.0
mugler,1172241.0,51.81023720349563,1064.4444444444443,1324.4444444444443,1064.4444444444443,260.0
myla,1231227.0,0.0,55.0,55.0,60.0,0.0
nagnata,1128580.0,0.0,95.0,190.0,100.0,95.0
nanushka,1161062.5,23.196445141016945,239.1875,383.175,241.4375,143.9875
needle & thread,1160291.5,0.0,192.5,254.0,195.0,61.5
neous,1129456.5,25.390234765234766,353.625,453.75,354.875,100.125
nicholas,1163326.3333333333,16.666666666666668,178.22500000000002,472.4383333333333,182.39166666666668,294.21333333333337
nicholas kirkwood,1142011.8421052631,26.508796052508085,357.8157894736842,585.5263157894736,358.07894736842104,227.71052631578948
nike,1147930.705882353,7.84313725490196,67.26411764705882,123.32058823529411,72.26411764705882,56.0564705882353
nili lotan,1153800.6666666667,38.799396809290265,771.5,922.7777777777778,771.5,151.27777777777777
ninety percent,1189081.0,0.0,78.74,78.74,83.74,0.0
noir kei ninomiya,1180156.0,0.0,260.0,520.0,260.0,260.0
norma kamali,1154108.7,49.819021948402,198.66199999999998,221.78199999999998,202.162,23.119999999999997
off-white,1165952.0277777778,14.798391752929339,416.9166666666667,648.8194444444445,418.30555555555554,231.90277777777777
olivia von halle,1158931.3333333333,0.0,334.3333333333333,334.3333333333333,334.3333333333333,0.0
omorovicza,1156588.0,0.0,20.0,20.0,25.0,0.0
oscar de la renta,1159082.0,37.296510608835874,1768.0849999999998,4163.11,1768.3349999999998,2395.025
p.e nation,1139984.0,0.0,94.5,94.5,99.5,0.0
paco rabanne,1168604.5925925926,18.800338118668385,551.1296296296297,794.425925925926,551.6851851851852,243.2962962962963
palm angels,1167164.25,25.0,200.5,286.75,204.25,86.25
palmer//harding,1185995.3333333333,33.333333333333336,358.1666666666667,533.3333333333334,359.8333333333333,175.16666666666666
patbo,1154651.625,0.0,178.9925,379.80999999999995,181.4925,200.8175
paul & joe,1171106.0,0.0,254.0,507.5,254.0,253.5
persée,1168354.0,0.0,506.0,506.0,506.0,0.0
petar petrov,1184278.142857143,0.0,339.64285714285717,727.5714285714286,340.35714285714283,387.92857142857144
peter pilotto,1169355.9090909092,44.618027201160345,958.4090909090909,1003.6363636363636,958.4090909090909,45.22727272727273
philosophy di lorenzo serafini,1173183.6666666667,33.333333333333336,384.0833333333333,615.0,384.9166666666667,230.91666666666666
pippa holt,1118028.5,0.0,527.5,527.5,527.5,0.0
pomellato,1164099.5,0.0,1665.0,1665.0,1665.0,0.0
prada,1126679.4584980237,43.84963446597045,923.3399209486166,923.3399209486166,923.4189723320158,0.0
preen by thornton bregazzi,1161857.3333333333,0.0,208.16666666666666,618.3333333333334,209.83333333333334,410.1666666666667
preen line,1152303.0,0.0,270.0,450.0,270.0,180.0
proenza schouler,1157219.0,28.413253413253415,444.9030769230769,806.5769230769231,445.47999999999996,361.67384615384617
pushbutton,1168488.0,52.21166241769422,388.70000000000005,420.4333333333334,389.53333333333336,31.733333333333334
r13,1170865.6363636365,24.735867873090044,625.1818181818181,625.1818181818181,625.6363636363636,0.0
racil,1165562.0,36.7816091954023,315.6666666666667,552.3333333333334,317.3333333333333,236.66666666666666
rag & bone,1153963.0,26.02562484221156,280.79411764705884,346.1470588235294,282.2647058823529,65.3529411764706
raquel diniz,1183763.0,100.0,594.0,990.0,594.0,396.0
rasario,1169982.8,50.74441687344913,1176.0,1176.0,1176.0,0.0
ratio et motus,1185225.0,0.0,534.0,534.0,534.0,0.0
re/done,1169561.5882352942,28.84479092841956,216.20000000000002,266.52941176470586,219.43529411764706,50.329411764705874
rebecca de ravenel,1171147.6666666667,0.0,524.1633333333333,1315.0,524.1633333333333,790.8366666666667
rebecca vallance,1170195.0,25.0,301.0,321.25,302.25,20.25
redemption,1183987.5,100.0,1190.0,1190.0,1190.0,0.0
redvalentino,1158070.25,49.55035971223022,432.0,559.9375,432.625,127.9375
reebok x victoria beckham,1180949.4,41.62162162162163,156.2,223.4,161.2,67.2
reformation,1191507.6666666667,33.333333333333336,150.5,238.33333333333334,155.5,87.83333333333333
rejina pyo,1177857.2222222222,22.22222222222222,312.0833333333333,537.6944444444445,312.9166666666667,225.61111111111111
rené caovilla,1101390.375,12.5,775.0,801.25,775.0,26.25
repossi,1187703.0,0.0,1725.0,1725.0,1725.0,0.0
retrofête,1165046.0,66.66666666666667,558.8333333333334,618.3333333333334,558.8333333333334,59.5
rhode,1162105.1666666667,50.0,219.66666666666666,288.3333333333333,222.16666666666666,68.66666666666667
rick owens,1153716.6363636365,9.994251457666092,840.2727272727273,1282.8636363636363,840.2727272727273,442.59090909090907
rixo,1166959.4545454546,9.090909090909092,122.13636363636364,226.6818181818182,126.22727272727273,104.54545454545455
roger vivier,1132372.2307692308,30.76923076923077,596.1153846153846,622.8846153846154,596.1153846153846,26.76923076923077
rokh,1177072.8,0.0,333.2,594.5,334.2,261.3
roksanda,1165294.1333333333,37.015107502035605,861.0,998.0,861.3333333333334,137.0
roland mouret,1170629.875,12.5,539.75,1343.125,539.75,803.375
rosantica,1183905.0,0.0,855.0,855.0,855.0,0.0
rosetta getty,1153952.7777777778,33.333333333333336,503.6111111111111,572.2222222222222,504.1666666666667,68.61111111111111
rosie assoulin,1178842.7272727273,26.503496503496503,702.9118181818183,1150.4545454545455,702.9118181818183,447.5427272727273
rotate birger christensen,1167094.111111111,21.405228758169937,166.5,277.1666666666667,169.83333333333334,110.66666666666667
rta,1161496.5555555555,22.22222222222222,300.22222222222223,603.3333333333334,301.3333333333333,303.1111111111111
runway marc jacobs,1181115.0,100.0,595.5,1055.0,595.5,459.5
rupert sanderson,1137191.6666666667,54.14312617702448,415.0,465.0,415.0,50.0
sacai,1167890.4090909092,11.455550022174032,756.8863636363636,1109.2045454545455,756.8863636363636,352.3181818181818
saint laurent,1143804.4047619049,20.40775401269993,849.2266666666667,1064.329365079365,849.4250793650793,215.1026984126984
saks potts,1180822.0,0.0,1338.0,1338.0,1338.0,0.0
saloni,1172775.8421052631,21.473425260568394,370.2368421052632,575.2631578947369,371.0263157894737,205.02631578947367
salvatore ferragamo,1145811.0,7.142857142857143,600.75,797.5,600.75,196.75
sea,1162363.2,45.0346780650935,383.3,471.5,384.3,88.2
see by chloé,1155320.75,29.93238804657028,232.775,327.95,234.275,95.175
self-portrait,1161254.0,31.0761059995942,236.16666666666666,303.2916666666667,237.625,67.125
seren,1141618.0,0.0,435.0,725.0,435.0,290.0
sies marjan,1166388.0454545454,5.869352188015035,461.1136363636364,971.9090909090909,461.5681818181818,510.79545454545456
silvia tcherassi,1151221.0,0.0,214.0,535.0,216.5,321.0
simon miller,1154456.2222222222,22.025912838633687,264.22333333333336,437.77777777777777,266.4455555555556,173.55444444444444
simone rocha,1177805.3125,20.206551566586775,379.65625,581.34375,380.90625,201.6875
skin,1159204.1666666667,83.33333333333333,143.91666666666666,201.16666666666666,148.08333333333334,57.25
slvrlake,1155800.5,0.0,143.55,261.0,148.55,117.45
solace london,1161175.6666666667,0.0,271.3333333333333,523.3333333333334,274.6666666666667,252.0
solid & striped,1156351.375,25.0,59.637499999999996,105.8125,64.6375,46.175
sophia webster,1117193.7222222222,0.0,298.75,402.97222222222223,300.69444444444446,104.22222222222223
sophie bille brahe,1151292.0,100.0,1211.6666666666667,1211.6666666666667,1211.6666666666667,0.0
sorel,1076759.3333333333,33.333333333333336,109.0,125.66666666666667,114.0,16.666666666666668
spanx,1066031.75,75.0,63.125,63.125,68.125,0.0
spinelli kilcollin,1179549.0,0.0,4330.0,4330.0,4330.0,0.0
sprwmn,1158922.0,40.0,1001.6,1001.6,1001.6,0.0
stand studio,1169240.0,100.0,160.0,160.0,165.0,0.0
staud,1151565.5789473683,35.56618819776715,120.44736842105263,212.8421052631579,124.92105263157895,92.39473684210526
stella mccartney,1149877.0,25.230251807275952,472.4102564102564,696.9102564102565,473.1794871794872,224.5
stine goya,1149316.375,12.5,189.25,231.875,192.375,42.625
stuart weitzman,1083053.2857142857,57.142857142857146,529.2857142857143,552.8571428571429,529.2857142857143,23.571428571428573
studio amelia,1173806.5,50.0,148.75,200.0,153.75,51.25
tabitha simmons,1163483.125,13.379349470499243,335.75,531.875,336.375,196.125
talbot runhof,1173619.4,0.0,1212.0,1212.0,1212.0,0.0
temperley london,1162625.2666666666,23.101255059360025,731.9600000000002,1055.9066666666668,731.9600000000002,323.9466666666667
templa,1152363.0,0.0,1430.0,1430.0,1430.0,0.0
the elder statesman,1179912.0,66.66666666666667,328.3333333333333,656.6666666666666,328.3333333333333,328.3333333333333
the row,1140134.8985507246,23.72797279455719,1051.1304347826087,1330.2971014492753,1051.2028985507247,279.1666666666667
the upside,1177068.0,100.0,209.0,209.0,209.0,0.0
the vampire's wife,1182198.8333333333,16.119221411192214,609.9166666666666,1102.5,609.9166666666666,492.5833333333333
theory,1158519.7,10.0,328.6,502.5,330.1,173.9
thom browne,1166547.6666666667,0.0,678.0,1158.0,678.0,480.0
three graces london,1153438.125,12.5,277.75,630.0,279.625,352.25
tibi,1161057.5555555555,13.297253343304508,334.962962962963,583.0555555555555,336.0740740740741,248.09259259259258
tod's,1062116.9375,17.79054054054054,328.3125,419.125,328.9375,90.8125
tom ford,1153545.0,50.0,1339.125,1552.5,1339.125,213.375
tory burch,1149090.4545454546,38.72727272727273,313.72727272727275,407.27272727272725,315.54545454545456,93.54545454545455
totême,1164734.888888889,22.22222222222222,248.72222222222223,344.5,250.94444444444446,95.77777777777777
ulla johnson,1158470.8235294118,23.529468932651586,274.8529411764706,518.4705882352941,276.61764705882354,243.61764705882354
unravel project,1163464.0,0.0,260.0,650.0,260.0,390.0
valentino,1147924.0215053763,7.9151381554503875,977.736559139785,1427.8333333333333,977.8440860215054,450.0967741935484
valet,1178710.0,0.0,40.0,40.0,45.0,0.0
valextra,1142486.6666666667,33.333333333333336,2163.3333333333335,2163.3333333333335,2163.3333333333335,0.0
vanessa bruno,1181493.0,0.0,276.5,395.0,276.5,118.5
veja,1144005.3125,14.608596110014828,99.1875,99.1875,104.1875,0.0
veronica beard,1172614.5555555555,11.11111111111111,338.44444444444446,450.44444444444446,340.1111111111111,112.0
versace,1163024.911111111,17.259538415756165,684.7111111111111,1185.5111111111112,685.3777777777777,500.8
vetements,1177470.2857142857,21.428571428571427,388.2492857142857,761.2492857142857,388.9635714285714,373.0
victoria beckham,1171342.5555555555,2.07977207977208,666.2222222222222,1227.111111111111,666.2222222222222,560.8888888888889
"victoria, victoria beckham",1173173.2,20.0,224.7,333.0,226.7,108.3
vince,1150092.7222222222,21.886200716845877,274.5833333333333,382.6111111111111,277.6388888888889,108.02777777777777
vivienne westwood,1165210.0,100.0,335.0,335.0,335.0,0.0
vix,1151247.0,0.0,63.262499999999996,136.6775,68.2625,73.41499999999999
wald berlin,1188447.0,100.0,143.05,143.05,148.05,0.0
wales bonner,1167747.0,16.148751622099123,445.0,850.0,445.0,405.0
wandler,1152210.5714285714,14.835164835164834,362.85714285714283,447.5,364.2857142857143,84.64285714285714
we11done,1168426.5,0.0,361.8333333333333,756.6666666666666,363.5,394.8333333333333
wolford,1053117.0,0.0,130.0,130.0,135.0,0.0
yuzefi,1162938.0,0.0,318.5,455.0,318.5,136.5
zimmermann,1159668.4307692307,3.9289574816347335,363.5692307692308,553.2461538461539,365.26153846153846,189.6769230769231
